72737,Walk_and_footsteps
154663,Walk_and_footsteps
240688,Walk_and_footsteps
55348,Walk_and_footsteps
365620,Walk_and_footsteps
234573,Walk_and_footsteps
68685,Walk_and_footsteps
68687,Walk_and_footsteps
68688,Walk_and_footsteps
68690,Walk_and_footsteps
58454,Walk_and_footsteps
419931,Walk_and_footsteps
430173,Walk_and_footsteps
215137,Walk_and_footsteps
66664,Walk_and_footsteps
119913,Walk_and_footsteps
119914,Walk_and_footsteps
412785,Walk_and_footsteps
94322,Walk_and_footsteps
425076,Walk_and_footsteps
85110,Walk_and_footsteps
232567,Walk_and_footsteps
48248,Walk_and_footsteps
201852,Walk_and_footsteps
405632,Walk_and_footsteps
405633,Walk_and_footsteps
405634,Walk_and_footsteps
68739,Walk_and_footsteps
430212,Walk_and_footsteps
430213,Walk_and_footsteps
430214,Walk_and_footsteps
68740,Walk_and_footsteps
379019,Walk_and_footsteps
94348,Walk_and_footsteps
430221,Walk_and_footsteps
85132,Walk_and_footsteps
78991,Walk_and_footsteps
406674,Walk_and_footsteps
406678,Walk_and_footsteps
94367,Walk_and_footsteps
406688,Walk_and_footsteps
94370,Walk_and_footsteps
74924,Walk_and_footsteps
103598,Walk_and_footsteps
389295,Walk_and_footsteps
103601,Walk_and_footsteps
272563,Walk_and_footsteps
389300,Walk_and_footsteps
410814,Walk_and_footsteps
348355,Walk_and_footsteps
66756,Walk_and_footsteps
15561,Walk_and_footsteps
276682,Walk_and_footsteps
409802,Walk_and_footsteps
15562,Walk_and_footsteps
152788,Walk_and_footsteps
30934,Walk_and_footsteps
152792,Walk_and_footsteps
152795,Walk_and_footsteps
152796,Walk_and_footsteps
90336,Walk_and_footsteps
340206,Walk_and_footsteps
340209,Walk_and_footsteps
370931,Walk_and_footsteps
71925,Walk_and_footsteps
340214,Walk_and_footsteps
274679,Walk_and_footsteps
340217,Walk_and_footsteps
429310,Walk_and_footsteps
340224,Walk_and_footsteps
340225,Walk_and_footsteps
184582,Walk_and_footsteps
157961,Walk_and_footsteps
429322,Walk_and_footsteps
157966,Walk_and_footsteps
421134,Walk_and_footsteps
210195,Walk_and_footsteps
421141,Walk_and_footsteps
421147,Walk_and_footsteps
269599,Walk_and_footsteps
379175,Walk_and_footsteps
321841,Walk_and_footsteps
213298,Walk_and_footsteps
321847,Walk_and_footsteps
321848,Walk_and_footsteps
213305,Walk_and_footsteps
429370,Walk_and_footsteps
213307,Walk_and_footsteps
429371,Walk_and_footsteps
148796,Walk_and_footsteps
76095,Walk_and_footsteps
18754,Walk_and_footsteps
371015,Walk_and_footsteps
379207,Walk_and_footsteps
371017,Walk_and_footsteps
335176,Walk_and_footsteps
27977,Walk_and_footsteps
428365,Walk_and_footsteps
379212,Walk_and_footsteps
56652,Walk_and_footsteps
335181,Walk_and_footsteps
432467,Walk_and_footsteps
353615,Walk_and_footsteps
119132,Walk_and_footsteps
72030,Walk_and_footsteps
363874,Walk_and_footsteps
207224,Walk_and_footsteps
232824,Walk_and_footsteps
337280,Walk_and_footsteps
337281,Walk_and_footsteps
166275,Walk_and_footsteps
73095,Walk_and_footsteps
166284,Walk_and_footsteps
264589,Walk_and_footsteps
337294,Walk_and_footsteps
166287,Walk_and_footsteps
166289,Walk_and_footsteps
166293,Walk_and_footsteps
166295,Walk_and_footsteps
388504,Walk_and_footsteps
166297,Walk_and_footsteps
76187,Walk_and_footsteps
22939,Walk_and_footsteps
427419,Walk_and_footsteps
166302,Walk_and_footsteps
166303,Walk_and_footsteps
166304,Walk_and_footsteps
166305,Walk_and_footsteps
166306,Walk_and_footsteps
388509,Walk_and_footsteps
388518,Walk_and_footsteps
188848,Walk_and_footsteps
31153,Walk_and_footsteps
35252,Walk_and_footsteps
318900,Walk_and_footsteps
390583,Walk_and_footsteps
398778,Walk_and_footsteps
321980,Walk_and_footsteps
411070,Walk_and_footsteps
418239,Walk_and_footsteps
195017,Walk_and_footsteps
264653,Walk_and_footsteps
221650,Walk_and_footsteps
365011,Walk_and_footsteps
147924,Walk_and_footsteps
428506,Walk_and_footsteps
87518,Walk_and_footsteps
379360,Walk_and_footsteps
428513,Walk_and_footsteps
181728,Walk_and_footsteps
388579,Walk_and_footsteps
386553,Walk_and_footsteps
75270,Walk_and_footsteps
353799,Walk_and_footsteps
269847,Walk_and_footsteps
378398,Walk_and_footsteps
366111,Walk_and_footsteps
269855,Walk_and_footsteps
269856,Walk_and_footsteps
269860,Walk_and_footsteps
50724,Walk_and_footsteps
269864,Walk_and_footsteps
351785,Walk_and_footsteps
262699,Walk_and_footsteps
271925,Walk_and_footsteps
209473,Walk_and_footsteps
209474,Walk_and_footsteps
209476,Walk_and_footsteps
266824,Walk_and_footsteps
67145,Walk_and_footsteps
348752,Walk_and_footsteps
345685,Walk_and_footsteps
85602,Walk_and_footsteps
85604,Walk_and_footsteps
166509,Walk_and_footsteps
166510,Walk_and_footsteps
259697,Walk_and_footsteps
405112,Walk_and_footsteps
405114,Walk_and_footsteps
91777,Walk_and_footsteps
427650,Walk_and_footsteps
106115,Walk_and_footsteps
90756,Walk_and_footsteps
352905,Walk_and_footsteps
343689,Walk_and_footsteps
164494,Walk_and_footsteps
275088,Walk_and_footsteps
377491,Walk_and_footsteps
70292,Walk_and_footsteps
85655,Walk_and_footsteps
106135,Walk_and_footsteps
186011,Walk_and_footsteps
368283,Walk_and_footsteps
365220,Walk_and_footsteps
151208,Walk_and_footsteps
151209,Walk_and_footsteps
202412,Walk_and_footsteps
9907,Walk_and_footsteps
204468,Walk_and_footsteps
186037,Walk_and_footsteps
151222,Walk_and_footsteps
67254,Walk_and_footsteps
142008,Walk_and_footsteps
9913,Walk_and_footsteps
153282,Walk_and_footsteps
420552,Walk_and_footsteps
425672,Walk_and_footsteps
364235,Walk_and_footsteps
35534,Walk_and_footsteps
364244,Walk_and_footsteps
378584,Walk_and_footsteps
378586,Walk_and_footsteps
55003,Walk_and_footsteps
403164,Walk_and_footsteps
153310,Walk_and_footsteps
403167,Walk_and_footsteps
240356,Walk_and_footsteps
319206,Walk_and_footsteps
429802,Walk_and_footsteps
25328,Walk_and_footsteps
263920,Walk_and_footsteps
18169,Walk_and_footsteps
362249,Walk_and_footsteps
354061,Walk_and_footsteps
431893,Walk_and_footsteps
55064,Walk_and_footsteps
422687,Walk_and_footsteps
431902,Walk_and_footsteps
217901,Walk_and_footsteps
189229,Walk_and_footsteps
275252,Walk_and_footsteps
138052,Walk_and_footsteps
92999,Walk_and_footsteps
138058,Walk_and_footsteps
138060,Walk_and_footsteps
422739,Walk_and_footsteps
422743,Walk_and_footsteps
138071,Walk_and_footsteps
422745,Walk_and_footsteps
217947,Walk_and_footsteps
422747,Walk_and_footsteps
422751,Walk_and_footsteps
62303,Walk_and_footsteps
422756,Walk_and_footsteps
422758,Walk_and_footsteps
422762,Walk_and_footsteps
217963,Walk_and_footsteps
138093,Walk_and_footsteps
138095,Walk_and_footsteps
32635,Walk_and_footsteps
32638,Walk_and_footsteps
32639,Walk_and_footsteps
217984,Walk_and_footsteps
195457,Walk_and_footsteps
195458,Walk_and_footsteps
32642,Walk_and_footsteps
32643,Walk_and_footsteps
32644,Walk_and_footsteps
32646,Walk_and_footsteps
251788,Walk_and_footsteps
11156,Walk_and_footsteps
364443,Walk_and_footsteps
91038,Walk_and_footsteps
421791,Walk_and_footsteps
215969,Walk_and_footsteps
233382,Walk_and_footsteps
233383,Walk_and_footsteps
233384,Walk_and_footsteps
364458,Walk_and_footsteps
270251,Walk_and_footsteps
349101,Walk_and_footsteps
349102,Walk_and_footsteps
349103,Walk_and_footsteps
147375,Walk_and_footsteps
349105,Walk_and_footsteps
270257,Walk_and_footsteps
223154,Walk_and_footsteps
349109,Walk_and_footsteps
205749,Walk_and_footsteps
365509,Walk_and_footsteps
422854,Walk_and_footsteps
422856,Walk_and_footsteps
156627,Walk_and_footsteps
258004,Walk_and_footsteps
365544,Walk_and_footsteps
273384,Walk_and_footsteps
324584,Walk_and_footsteps
187381,Walk_and_footsteps
404472,Walk_and_footsteps
420931,Walk_and_footsteps
420937,Walk_and_footsteps
258140,Walk_and_footsteps
419447,Walk_and_footsteps
382275,Walk_and_footsteps
138462,Walk_and_footsteps
140493,Walk_and_footsteps
410464,Walk_and_footsteps
331703,Walk_and_footsteps
324567,Walk_and_footsteps
165987,Walk_and_footsteps
