270643,Fire_alarm,
393524,Fire_alarm,
25032,Fire_alarm,
262878,Fire_alarm,
82797,Fire_alarm,
128021,Fire_alarm,
372087,Fire_alarm,
66973,Fire_alarm,
316843,Fire_alarm,
165542,Fire_alarm,
55031,Fire_alarm,
124734,Fire_alarm,
100357,Alarm,
403471,Alarm,
403473,Alarm,
403474,Alarm,
327711,Alarm,
67616,Alarm,
223320,Alarm,
100459,Alarm,
100460,Alarm,
100461,Alarm,
100462,Alarm,
321676,Alarm,
321677,Alarm,
321678,Alarm,
258193,Alarm,
321684,Alarm,
333993,Alarm,
125102,Alarm,
270522,Alarm,
327969,Alarm,
327970,Alarm,
106831,Alarm,
26960,Alarm,
26961,Alarm,
26962,Alarm,
26963,Alarm,
26964,Alarm,
26965,Alarm,
22876,Alarm,
389509,Alarm,
348551,Alarm,
250261,Alarm,
250285,Alarm,
129464,Alarm,
135613,Alarm,
72125,Alarm,
72126,Alarm,
72127,Alarm,
72128,Alarm,
72129,Alarm,
381382,Alarm,
25031,Alarm,
387532,Alarm,
344525,Alarm,
387534,Alarm,
147933,Alarm,
428526,Alarm,
238075,Alarm,
94735,Alarm,
270883,Alarm,
150052,Alarm,
150053,Alarm,
246328,Alarm,
426559,Alarm,
39514,Alarm,
371292,Alarm,
266848,Alarm,
35433,Alarm,
35436,Alarm,
35437,Alarm,
201325,Alarm,
35439,Alarm,
35441,Alarm,
96890,Alarm,
342663,Alarm,
389775,Alarm,
70289,Alarm,
324248,Alarm,
414366,Alarm,
404161,Alarm,
262853,Alarm,
96973,Alarm,
33497,Alarm,
92897,Alarm,
262897,Alarm,
262900,Alarm,
340750,Alarm,
203539,Alarm,
203540,Alarm,
250654,Alarm,
273187,Alarm,
156453,Alarm,
398123,Alarm,
93020,Alarm,
324459,Alarm,
185199,Alarm,
9077,Alarm,
207751,Alarm,
367500,Alarm,
418705,Alarm,
423929,Alarm,
158622,Alarm,
338853,Alarm,
103335,Alarm,
54193,Alarm,
33723,Alarm,
33724,Alarm,
33725,Alarm,
33726,Alarm,
33727,Alarm,
33728,Alarm,
33729,Alarm,
33730,Alarm,
33731,Alarm,
33732,Alarm,
33733,Alarm,
33734,Alarm,
33735,Alarm,
33736,Alarm,
33737,Alarm,
33738,Alarm,
33740,Alarm,
33741,Alarm,
33742,Alarm,
33739,Alarm,
340942,Alarm,
33744,Alarm,
33743,Alarm,
99282,Alarm,
33748,Alarm,
33749,Alarm,
33745,Alarm,
33746,Alarm,
33747,Alarm,
33751,Alarm,
33750,Alarm,
33752,Alarm,
404456,Alarm,
324586,Alarm,
132074,Alarm,
156672,Alarm,
336897,Alarm,
336896,Alarm,
48151,Alarm,
62502,Alarm,
121908,Alarm,
197713,Alarm,
111707,Alarm,
365667,Alarm,
78948,Alarm,
371836,Alarm,
205951,Alarm,
201855,Alarm,
156831,Alarm,
369847,Alarm,
201917,Alarm,
244927,Alarm,
400583,Alarm,
34005,Alarm,
410851,Alarm,
269541,Alarm,
423141,Alarm,
154894,Alarm,
245028,Alarm,
249150,Alarm,
36170,Alarm,
56671,Alarm,
353635,Alarm,
337257,Alarm,
335248,Alarm,
341395,Alarm,
400792,Alarm,
345497,Alarm,
167337,Alarm,
318910,Alarm,
347586,Alarm,
323016,Alarm,
9674,Alarm,
323019,Alarm,
251341,Alarm,
249304,Alarm,
318945,Alarm,
171493,Alarm,
171496,Alarm,
89589,Alarm,
171515,Alarm,
400894,Alarm,
5635,Alarm,
392721,Alarm,
202258,Alarm,
110133,Alarm,
126519,Alarm,
126559,Alarm,
126560,Alarm,
126561,Alarm,
388709,Alarm,
188012,Alarm,
155251,Alarm,
341621,Alarm,
204423,Alarm,
204424,Alarm,
204425,Alarm,
204426,Alarm,
382614,Alarm,
24232,Alarm,
24233,Alarm,
24236,Alarm,
202423,Alarm,
407240,Alarm,
413391,Alarm,
42707,Alarm,
34524,Alarm,
34525,Alarm,
202474,Alarm,
364270,Alarm,
364271,Alarm,
198408,Alarm,
198409,Alarm,
202512,Alarm,
157468,Alarm,
40751,Alarm,
192343,Alarm,
178032,Alarm,
221085,Alarm,
221086,Alarm,
221087,Alarm,
221088,Alarm,
55214,Alarm,
69552,Alarm,
368563,Alarm,
202676,Alarm,
395213,Alarm,
93643,Alarm,as alarm
365903,Alarm,as alarm
422051,Alarm,as alarm
428484,Alarm,as alarm
